% Desconto,Oferta,Link,Cupom
5 ,Em itens selecionados,www.kabum.com.br/promocao/TOPDOKABUM2024,TOPDOKABUM
10 ,Em sua 1Âª compra no kabum!,www.kabum.com.br/,TONOKABUM
5 ,Em itens selecionados,www.kabum.com.br/promocao/5OFFMAGALU,TOP5HOJE
10 ,Para sua compra no app kabum!,www.kabum.com.br/Promocao/APPNINJA,APPNINJA
7 ,Em itens samsung,www.kabum.com.br/promocao/SAMSUNG7,SAMSUNG7
30 ,Em ssd lexar,www.kabum.com.br/promocao/LEXAR30OFF,LEXAR30
10 ,Em mochilas,www.kabum.com.br/moda/bolsas-e-mochilas,MOCHILA10
4 ,Em itens lenovo,www.kabum.com.br/promocao/NOTELENOVONOV,LENOVO
10 ,"Soundbar lg s40t, bluetooth 5.3",www.kabum.com.br/produto/615556/soundbar-lg-s40t-bluetooth-5-3-300w-subwoofer-2-1-canais-preto,LG10
5 ,Em produtos lg,www.kabum.com.br/promocao/LG5OFFNOV,LG5
5 ,Para itens selecionados,www.kabum.com.br/promocao/CONECTA5,CONECTA5
10 ,Projetor lg cinebeam smart laser,www.kabum.com.br/produto/544042/projetor-lg-cinebeam-smart-laser-3840-x-2160-4k-uhd-2700-lumens-with-300-graus-hu810pw,PROJETOR10
10 ,Em notebooks,www.kabum.com.br/promocao/NOTE3PNOV,SALDAO10
